,X,Y,Z,equip1,equip2
count,3608.0,4485.0,1405.0,1263.0,988.0
mean,4659.2513858093125,565.4582831661093,124045.2740213523,1871.7375011876486,43538.63545209176
std,3424.5638597243205,145.1505299892179,93239.09376167392,678.7203812937586,31043.496821530105
min,101.0,257.5,14215.0,301.6,5454.433333333333
25%,1807.0,485.0,21230.0,1402.9,9807.436666666666
50%,3517.0,543.67,168675.0,1903.3680000000002,57355.75
75%,7206.25,617.67,200225.0,2471.2000000000003,68348.5
max,14608.0,1062.37,372825.0,3661.4,128239.91666666667
